{
  "model_id": 35,
  "repeat": 4,
  "fold": 5,
  "seed": 42305,
  "best_epoch": 195,
  "hyperparameters": {
    "hidden_layers": [
      256,
      128
    ],
    "dropout": 0.3,
    "lr": 0.0012,
    "l2": 1e-05,
    "batch_size": 32,
    "activation": "relu",
    "batch_norm": false
  },
  "cv_val_metrics": {
    "RMSE": 4.152142741261993,
    "MAE": 2.838002883713699,
    "R2": 0.9536025779960732,
    "Spearman": 0.9761599772148207
  },
  "int_ext_metrics": {
    "RMSE": 5.305590856434717,
    "MAE": 4.198350969165441,
    "R2": 0.8220505172542696,
    "Spearman": 0.9578086413796129
  },
  "ext_metrics": {
    "RMSE": 7.6992422462943315,
    "MAE": 6.032142117867387,
    "R2": 0.7929921199362198,
    "Spearman": 0.9101153569766564
  }
}