{
  "strategy": "Repeated10Fold_DNN_SelectByCV_WeightOnINTEXT",
  "n_splits": 10,
  "n_repeats": 10,
  "top_n": 15,
  "hyperparameters": {
    "hidden_layers": [
      256,
      128
    ],
    "dropout": 0.3,
    "lr": 0.0012,
    "l2": 1e-05,
    "batch_size": 32,
    "activation": "relu",
    "batch_norm": false
  },
  "selected_model_labels": [
    "model_01_id4_r1_f4",
    "model_02_id11_r2_f1",
    "model_03_id12_r2_f2",
    "model_04_id13_r2_f3",
    "model_05_id35_r4_f5",
    "model_06_id37_r4_f7",
    "model_07_id43_r5_f3",
    "model_08_id48_r5_f8",
    "model_09_id52_r6_f2",
    "model_10_id57_r6_f7",
    "model_11_id71_r8_f1",
    "model_12_id72_r8_f2",
    "model_13_id77_r8_f7",
    "model_14_id83_r9_f3",
    "model_15_id87_r9_f7"
  ],
  "weight_vector": [
    0.16485129422345732,
    0.07750544296958396,
    0.0680775816491403,
    5.160802341031001e-17,
    1.2376167798922033e-16,
    0.08268473867729721,
    2.2822455730819868e-17,
    0.1547875843593219,
    1.4690939437178585e-16,
    0.0,
    0.18980904183416922,
    3.507394027990607e-17,
    0.09218712023960918,
    0.1700971960474206,
    0.0
  ],
  "weights": {
    "Model4_R1_F4": 0.16485129422345732,
    "Model11_R2_F1": 0.07750544296958396,
    "Model12_R2_F2": 0.0680775816491403,
    "Model13_R2_F3": 5.160802341031001e-17,
    "Model35_R4_F5": 1.2376167798922033e-16,
    "Model37_R4_F7": 0.08268473867729721,
    "Model43_R5_F3": 2.2822455730819868e-17,
    "Model48_R5_F8": 0.1547875843593219,
    "Model52_R6_F2": 1.4690939437178585e-16,
    "Model57_R6_F7": 0.0,
    "Model71_R8_F1": 0.18980904183416922,
    "Model72_R8_F2": 3.507394027990607e-17,
    "Model77_R8_F7": 0.09218712023960918,
    "Model83_R9_F3": 0.1700971960474206,
    "Model87_R9_F7": 0.0
  },
  "feature_cols": [
    "Male",
    "REO",
    "g__ABCC3",
    "g__ABHD2",
    "g__ABHD5",
    "g__ACSL1",
    "g__ACTR2",
    "g__ADCY7",
    "g__ADPRH",
    "g__AFG3L2",
    "g__AGK",
    "g__AGPAT5",
    "g__ALOX5AP",
    "g__ANK1",
    "g__ANKMY1",
    "g__ANXA1",
    "g__APEX1",
    "g__ARG1",
    "g__ARHGEF18",
    "g__ARHGEF2",
    "g__ARID3A",
    "g__ARID5B",
    "g__ARSA",
    "g__ATIC",
    "g__ATP2B4",
    "g__ATP6V0A1",
    "g__B3GAT1",
    "g__B3GAT3",
    "g__BACH2",
    "g__BANK1",
    "g__BCAT1",
    "g__BCCIP",
    "g__BCL11A",
    "g__BCL11B",
    "g__BIN1",
    "g__BIN3",
    "g__BIRC3",
    "g__BLK",
    "g__BLMH",
    "g__BZW2",
    "g__C1QBP",
    "g__CA1",
    "g__CAD",
    "g__CAMK4",
    "g__CARS2",
    "g__CBL",
    "g__CCR7",
    "g__CD22",
    "g__CD27",
    "g__CD72",
    "g__CD74",
    "g__CD79A",
    "g__CD79B",
    "g__CD8A",
    "g__CD96",
    "g__CDKN1C",
    "g__CEACAM8",
    "g__CENPF",
    "g__CEP70",
    "g__CFLAR",
    "g__CHMP7",
    "g__CLC",
    "g__CLCN7",
    "g__CLPP",
    "g__CLUAP1",
    "g__CMTM6",
    "g__COBLL1",
    "g__CR2",
    "g__CST7",
    "g__CTDSPL",
    "g__CTNNA1",
    "g__CTSD",
    "g__CUTA",
    "g__CYBA",
    "g__CYBRD1",
    "g__CYP1B1",
    "g__CYP27A1",
    "g__DAAM2",
    "g__DBP",
    "g__DENND3",
    "g__DGCR2",
    "g__DGCR6L",
    "g__DGKA",
    "g__DHX34",
    "g__DNAJC13",
    "g__DOCK5",
    "g__DOCK9",
    "g__DOK2",
    "g__DOK3",
    "g__DSC1",
    "g__DSC2",
    "g__DYSF",
    "g__E2F2",
    "g__ECHDC3",
    "g__EFHD2",
    "g__EI24",
    "g__ELL",
    "g__EMG1",
    "g__ENTPD1",
    "g__EPHA1",
    "g__EPHA4",
    "g__EPM2A",
    "g__ERICH1",
    "g__ESYT1",
    "g__ETS1",
    "g__ETV6",
    "g__FAR2",
    "g__FBL",
    "g__FBXO5",
    "g__FCER2",
    "g__FCGR2A",
    "g__FCRL2",
    "g__FKBP4",
    "g__FKBP5",
    "g__FKBP8",
    "g__FLNB",
    "g__FLOT1",
    "g__FLT3",
    "g__FNDC3B",
    "g__FOLR3",
    "g__FOXO1",
    "g__GABARAPL1",
    "g__GALK1",
    "g__GAS8",
    "g__GBP1",
    "g__GNA13",
    "g__GNG11",
    "g__GNLY",
    "g__GNS",
    "g__GPA33",
    "g__GPR18",
    "g__GPSM2",
    "g__GPX7",
    "g__GRN",
    "g__GRWD1",
    "g__GSDMD",
    "g__GSTM3",
    "g__GTF3C5",
    "g__GTPBP10",
    "g__GTPBP4",
    "g__GZMA",
    "g__GZMB",
    "g__GZMH",
    "g__GZMK",
    "g__HAGH",
    "g__HIP1",
    "g__HIP1R",
    "g__HIVEP2",
    "g__HLTF",
    "g__HMOX1",
    "g__HPCAL4",
    "g__HSD17B12",
    "g__HSD17B4",
    "g__HSF2",
    "g__HSPH1",
    "g__ID3",
    "g__IFI44L",
    "g__IFI6",
    "g__IFIT3",
    "g__IFITM3",
    "g__INPP4B",
    "g__IQCG",
    "g__IRAK3",
    "g__IRF5",
    "g__IRF8",
    "g__ITGA2B",
    "g__ITK",
    "g__ITM2C",
    "g__ITPR1",
    "g__JAK2",
    "g__KIAA0319L",
    "g__KIAA0513",
    "g__KLF1",
    "g__KLF12",
    "g__KLF4",
    "g__KLF7",
    "g__KLHDC4",
    "g__KLHL3",
    "g__KLRB1",
    "g__KLRD1",
    "g__LARS2",
    "g__LCN2",
    "g__LDHB",
    "g__LDLR",
    "g__LEF1",
    "g__LEPROTL1",
    "g__LGALS2",
    "g__LGMN",
    "g__LILRA1",
    "g__LLGL1",
    "g__LMF2",
    "g__LPGAT1",
    "g__LRP1",
    "g__LSM5",
    "g__LTBR",
    "g__LY9",
    "g__LYL1",
    "g__MAK",
    "g__MAN1C1",
    "g__MAP3K4",
    "g__MARCO",
    "g__MCL1",
    "g__MCM6",
    "g__MDC1",
    "g__MDM2",
    "g__MFSD10",
    "g__MGAT4A",
    "g__MLH3",
    "g__MMP9",
    "g__MNAT1",
    "g__MORC2",
    "g__MPZL2",
    "g__MRPL3",
    "g__MRPS27",
    "g__MRPS31",
    "g__MS4A6A",
    "g__MSH2",
    "g__MSH6",
    "g__MTA2",
    "g__MTHFD1",
    "g__MXD1",
    "g__MYC",
    "g__NADK",
    "g__NMT2",
    "g__NOL11",
    "g__NOSIP",
    "g__NR3C2",
    "g__NT5E",
    "g__NUCB2",
    "g__NUMA1",
    "g__NUP160",
    "g__NUP88",
    "g__NVL",
    "g__NXT1",
    "g__OSM",
    "g__OXCT1",
    "g__P2RX1",
    "g__P2RX5",
    "g__P2RX7",
    "g__PADI2",
    "g__PAFAH1B3",
    "g__PAICS",
    "g__PAK1IP1",
    "g__PALLD",
    "g__PAM",
    "g__PDGFRB",
    "g__PDK4",
    "g__PEBP1",
    "g__PER3",
    "g__PEX6",
    "g__PF4V1",
    "g__PFKFB2",
    "g__PFKFB4",
    "g__PGLYRP1",
    "g__PHC2",
    "g__PI3",
    "g__PIGK",
    "g__PIGQ",
    "g__PIK3C3",
    "g__PIK3CG",
    "g__PIK3IP1",
    "g__PLA2G4C",
    "g__PLCG1",
    "g__PLEKHB1",
    "g__PLEKHG3",
    "g__PLK4",
    "g__PLXDC2",
    "g__PNPLA6",
    "g__POLD1",
    "g__POLR1E",
    "g__POLRMT",
    "g__PPM1F",
    "g__PPP2CB",
    "g__PPP2R5A",
    "g__PRKCA",
    "g__PRMT7",
    "g__PRRG4",
    "g__PTGDS",
    "g__PTPRC",
    "g__PTPRJ",
    "g__PTPRK",
    "g__QKI",
    "g__QPCT",
    "g__QRSL1",
    "g__RAB27A",
    "g__RAB35",
    "g__RAB3D",
    "g__RALGPS2",
    "g__RANBP1",
    "g__RASGRP3",
    "g__RASSF4",
    "g__RBM17",
    "g__RBM26",
    "g__RBM38",
    "g__RCAN3",
    "g__RHOB",
    "g__RHOC",
    "g__RHOT2",
    "g__RNASEL",
    "g__RNF144A",
    "g__RPAP2",
    "g__RPL36",
    "g__RPS6KA5",
    "g__RUNDC3A",
    "g__S1PR4",
    "g__SBF1",
    "g__SBNO2",
    "g__SEH1L",
    "g__SEL1L3",
    "g__SELENBP1",
    "g__SERPINE2",
    "g__SH2D3A",
    "g__SH2D3C",
    "g__SH3YL1",
    "g__SIGLEC6",
    "g__SIRPG",
    "g__SIT1",
    "g__SLAMF7",
    "g__SLC11A1",
    "g__SLC16A10",
    "g__SLC25A40",
    "g__SLC27A3",
    "g__SLC2A3",
    "g__SLC35F2",
    "g__SLC38A1",
    "g__SLC39A8",
    "g__SLC4A1",
    "g__SLC5A6",
    "g__SLC6A6",
    "g__SLC9A1",
    "g__SMOX",
    "g__SNPH",
    "g__SORT1",
    "g__SPI1",
    "g__SPPL2B",
    "g__SPTBN1",
    "g__SRGN",
    "g__SRM",
    "g__SRPK1",
    "g__SRPRB",
    "g__ST14",
    "g__ST6GALNAC4",
    "g__STK11",
    "g__STMN1",
    "g__STX11",
    "g__STXBP2",
    "g__TBC1D22B",
    "g__TBCD",
    "g__TBXAS1",
    "g__TCF3",
    "g__TCF7",
    "g__TCF7L2",
    "g__TCL1A",
    "g__TDP1",
    "g__TEX10",
    "g__TGFBR3",
    "g__TLR4",
    "g__TMEM106C",
    "g__TMEM156",
    "g__TMEM176A",
